{"coefficients": [-1027308.0450558151, -13652.315509714235, 35084.282713126864, -1435.1093134952832, 52740.27753913111, 27579.00579865352, -8749.727624684909, 625935.2330833076, -23919.96715382444, -58660.045726975986, 0.0005563829685036122, 266.19782606103087, 92943.16297137048, -106424.32057111143, -115386.90682611497], "intercept": 2179574.783682701, "columns": ["propertyTaxRate", "garageSpaces", "numOfAccessibilityFeatures", "numOfAppliances", "numOfParkingFeatures", "numOfPatioAndPorchFeatures", "numOfSecurityFeatures", "numOfWaterfrontFeatures", "numOfWindowFeatures", "numOfCommunityFeatures", "lotSizeSqFt", "livingAreaSqFt", "numOfBathrooms", "numOfBedrooms", "numOfStories"]}