{"coefficients": [-105857.41432381916, 91016.50441768668, 0.027914860248422456, 261.0134798149454, 5038.533303744651, -112447.3120165643, -840965.0787390695, -765.2137887169096, -170388.73712846718, 168031.30061399844, 89640.48535202339, 71633.42978246226, 690398.8283930648, 14292.903994908402], "intercept": 1880762.0756019563, "columns": ["numOfBedrooms", "numOfBathrooms", "lotSizeSqFt", "livingAreaSqFt", "garageSpaces", "numOfStories", "propertyTaxRate", "numOfSecurityFeatures", "hasCooling", "hasHeating", "isAccessible", "hasSpa", "hasWaterfront", "hasView"]}