{"coefficients": [-104738.6021044806, 94336.87658573812, 0.0005516687292634804, 256.57438295652213, 5128.7757373805625, -111985.4834211915, -839464.8013914437, -325.18053521523973, -154770.31341154093, 151906.4212684364, 89118.80188352376, 72902.07325668448, 692325.3819913581, 15361.127554533561], "intercept": 1874351.997096092, "columns": ["numOfBedrooms", "numOfBathrooms", "lotSizeSqFt", "livingAreaSqFt", "garageSpaces", "numOfStories", "propertyTaxRate", "numOfSecurityFeatures", "hasCooling", "hasHeating", "isAccessible", "hasSpa", "hasWaterfront", "hasView"]}